city,state,country,region
Collinshaven,Pennsylvania,USA,West
West Abigail,Maine,USA,East
Richardsbury,Ohio,USA,South
Masonshire,Minnesota,USA,Central
Maryborough,Wyoming,USA,West
South Tonyhaven,Kansas,USA,North
Jeffreybury,Vermont,USA,East
East Sheri,Hawaii,USA,Central
Moorefort,Idaho,USA,South
Vanessaland,Arizona,USA,West
Scottside,Alabama,USA,Central
New Anthonyton,New Jersey,USA,Central
New Jennifer,Colorado,USA,Central
Fryeburgh,Alaska,USA,East
Riveraburgh,Michigan,USA,West
South Henrybury,South Carolina,USA,East
Hayesmouth,Arizona,USA,East
South Vanessa,Minnesota,USA,West
Port Gina,Georgia,USA,West
Michellemouth,Missouri,USA,North
Whitefurt,Maine,USA,East
Youngborough,Nebraska,USA,East
Hudsonton,Iowa,USA,East
East Cassandra,Washington,USA,Central
Debbiebury,Hawaii,USA,North
New Shirley,Texas,USA,East
Port Alicia,Arkansas,USA,East
East Ashleybury,South Dakota,USA,West
West Deborahmouth,Tennessee,USA,East
Walkertown,Ohio,USA,North
Dustinberg,Kansas,USA,West
South Scott,Iowa,USA,West
Aimeeview,Hawaii,USA,East
New Phillip,Mississippi,USA,East
Tylerborough,New York,USA,East
North Brandonfort,New York,USA,East
Port Eric,North Carolina,USA,West
North Hollymouth,Delaware,USA,Central
Port Lindamouth,Wisconsin,USA,South
Tracymouth,Montana,USA,South
South Eric,Louisiana,USA,North
Alexmouth,New Hampshire,USA,South
New Alexander,Montana,USA,North
Sullivanfurt,Georgia,USA,South
Port Frank,Missouri,USA,Central
North Brandonstad,Delaware,USA,North
Lindaview,Louisiana,USA,West
Bakerchester,Montana,USA,Central
Kirbyton,Illinois,USA,North
West Markton,Nevada,USA,North
Martinshire,Arizona,USA,East
Port Vincentborough,Arkansas,USA,Central
Jodyberg,Georgia,USA,West
Lake Seth,Kentucky,USA,North
North Austin,Oklahoma,USA,West
Larsonfurt,Louisiana,USA,East
New Leah,Arizona,USA,North
Smithland,Montana,USA,South
Adkinsmouth,North Dakota,USA,West
Lake Adam,Maryland,USA,South
West Christopher,Utah,USA,Central
Gardnerborough,Oregon,USA,East
West Shelbyside,Minnesota,USA,South
North Brandonport,Vermont,USA,East
South Kenneth,New Mexico,USA,South
Hernandezmouth,Nevada,USA,East
Westfort,Alabama,USA,South
Cannonberg,Arkansas,USA,North
North Matthew,South Carolina,USA,Central
North Christopherburgh,New York,USA,West
Lisaberg,Vermont,USA,Central
East Calebville,New Jersey,USA,East
Elizabethview,Georgia,USA,West
Aaronchester,New Mexico,USA,East
Port Madisonton,Iowa,USA,Central
North Lori,Minnesota,USA,West
New Timothystad,Arkansas,USA,Central
New Jefferyburgh,Rhode Island,USA,West
North Michael,Texas,USA,Central
New Donna,South Dakota,USA,South
Scottchester,New Jersey,USA,Central
Dominicmouth,Wyoming,USA,East
Serranohaven,Indiana,USA,South
Conradstad,Indiana,USA,West
Port Charleneview,Arkansas,USA,East
Lake Lancemouth,Illinois,USA,Central
West Kellyfurt,New York,USA,North
West Juliebury,Idaho,USA,North
Austinview,Maryland,USA,North
Melissaside,Virginia,USA,West
Solisview,Oklahoma,USA,East
Youngville,Utah,USA,East
New James,Minnesota,USA,West
West Lisafurt,Pennsylvania,USA,North
West Judithfort,Georgia,USA,South
Port Eric,Colorado,USA,North
North Marc,North Carolina,USA,North
Theresaton,Pennsylvania,USA,Central
West Cynthiaborough,Kentucky,USA,East
Villanuevaton,South Carolina,USA,North
